id,L,area,cx,cy
2,76.75204467773438,1184,263.2331081081081,978.9434121621622
7,70.8584976196289,541,453.3271719038817,650.7449168207024
9,66.5932388305664,1356,390.67699115044246,838.0722713864307
11,65.95741271972656,1209,929.4631927212572,617.3457402812242
12,68.52056884765625,1139,969.2300263388938,745.2221246707638
20,73.13999938964844,629,493.5786963434022,853.5262321144675
24,63.55230712890625,1195,662.8635983263598,610.5456066945607
29,70.30075073242188,592,774.4949324324324,991.3462837837837
30,63.86687088012695,891,685.4500561167227,640.7968574635241
33,67.41217041015625,844,638.7345971563981,1020.6090047393365
34,65.39283752441406,1113,539.806828391734,602.1015274034143
36,66.42515563964844,1136,504.7975352112676,1101.9225352112676
37,62.57416915893555,1020,593.2107843137255,660.9156862745098
38,68.58001708984375,644,578.7639751552795,875.6475155279503
41,66.07576751708984,984,583.2693089430894,516.685975609756
42,66.22634887695312,565,289.4938053097345,956.6176991150443
44,63.36000442504883,1017,496.89970501474926,605.2969518190757
45,62.47765350341797,895,354.0927374301676,771.7296089385475
48,58.59162521362305,767,643.3598435462842,788.4250325945242
49,66.92951965332031,1119,383.218945487042,909.982126899017
51,71.986572265625,436,836.6123853211009,995.0940366972477
54,67.79521942138672,585,877.6837606837607,462.7401709401709
55,66.9272689819336,688,630.5944767441861,636.0930232558139
57,63.460960388183594,1220,536.4508196721312,687.4524590163934
58,61.22650909423828,747,664.6961178045516,968.7001338688086
59,67.19927215576172,952,384.9863445378151,617.8960084033613
60,59.5251350402832,1055,423.72701421800946,808.2028436018958
61,66.3097915649414,850,539.8341176470589,730.6117647058824
64,63.94119644165039,993,560.7371601208459,554.404833836858
65,67.2325210571289,893,954.5901455767078,926.6618141097424
66,65.5770034790039,718,632.1573816155989,748.0181058495822
67,65.2054443359375,706,801.2648725212465,841.3541076487252
69,63.07345962524414,976,535.7223360655738,916.110655737705
70,62.53119659423828,828,883.2125603864735,897.6799516908212
71,64.20467376708984,1031,712.1998060135791,913.2095053346266
72,63.95108413696289,1337,797.1795063575169,699.1062079281975
74,65.74089813232422,510,460.06666666666666,609.5588235294117
76,58.31813049316406,988,285.77834008097165,1095.3350202429149
79,61.46125030517578,741,260.0998650472335,866.0715249662618
81,64.63360595703125,849,482.50058892815076,695.1224970553592
82,69.5489730834961,444,674.0518018018018,509.7567567567568
83,63.88939666748047,1132,428.31272084805653,922.660777385159
84,56.117774963378906,1018,935.4960707269155,704.5677799607073
85,60.71794891357422,1293,935.1160092807424,1025.3364269141532
86,65.70588684082031,730,453.5835616438356,493.26849315068495
87,62.06645584106445,950,407.7736842105263,769.5926315789474
88,65.13028717041016,579,738.0,1005.1226252158895
89,57.91073989868164,1291,605.2006196746707,847.7033307513556
90,61.398006439208984,805,469.5739130434783,946.0136645962733
91,64.2608871459961,620,940.6532258064516,574.8016129032258
92,56.12065124511719,464,680.5043103448276,456.48706896551727
93,65.34629821777344,552,472.3967391304348,1073.8713768115942
95,67.22077941894531,641,468.7160686427457,550.5413416536661
96,51.86509323120117,1296,602.4891975308642,716.3742283950618
97,63.43558120727539,1082,781.6173752310536,805.7939001848429
98,66.41975402832031,420,959.6452380952381,612.4833333333333
99,61.06565856933594,700,320.58142857142855,714.4442857142857
101,58.395450592041016,595,381.2890756302521,581.6050420168067
102,61.602691650390625,1094,347.70018281535647,1034.2733089579524
103,59.699005126953125,1152,299.0286458333333,890.9244791666666
104,57.47676086425781,1089,889.9678604224059,950.3213957759413
105,60.17362976074219,657,883.0989345509894,619.3439878234399
106,56.58229064941406,1085,439.4036866359447,462.40552995391704
108,60.01823806762695,761,786.9553219448095,468.7490144546649
109,59.947967529296875,793,685.5838587641866,892.59394703657
111,52.61418914794922,1144,771.0043706293707,584.8601398601398
112,62.07386779785156,655,856.769465648855,637.8091603053435
113,61.513248443603516,292,936.6883561643835,458.31164383561645
114,68.33747863769531,495,917.8848484848485,942.5515151515151
115,68.41055297851562,445,963.1977528089888,883.7820224719101
116,65.4123306274414,465,972.2559139784946,577.6881720430108
117,69.34923553466797,488,672.7233606557377,725.7254098360655
118,59.89646911621094,278,975.0179856115108,677.0827338129496
119,56.80746841430664,994,897.4124748490946,674.4587525150905
120,60.55047607421875,833,502.547418967587,1018.8787515006003
121,63.34452819824219,681,945.0234948604992,883.4640234948605
122,60.2374382019043,689,308.6197387518142,552.8359941944848
123,62.3879280090332,531,382.84180790960454,1012.532956685499
124,64.34001922607422,595,576.1915966386555,582.1529411764706
125,60.7759895324707,786,857.5101781170483,935.1297709923664
126,63.411766052246094,843,686.5539739027283,535.9893238434164
127,59.87789535522461,672,772.7946428571429,656.6875
128,61.31993865966797,592,574.7550675675676,810.043918918919
129,61.39064407348633,877,815.7103762827822,776.8551881413911
130,54.07975387573242,495,251.92727272727274,754.6626262626263
132,63.775882720947266,398,413.178391959799,710.7437185929648
134,56.57744598388672,850,798.8858823529412,532.3741176470588
135,58.94306564331055,713,950.437587657784,482.79663394109394
136,57.77239990234375,835,396.58922155688623,494.5365269461078
137,59.74444580078125,937,846.2017075773746,846.1739594450373
138,61.86479568481445,531,949.4915254237288,670.4745762711865
139,61.34210205078125,716,946.7081005586592,1086.8896648044692
140,59.74676513671875,597,500.3718592964824,758.1926298157454
142,63.71865463256836,415,915.4361445783132,879.9036144578313
144,59.862831115722656,784,673.795918367347,1045.281887755102
145,64.40899658203125,389,661.2724935732648,756.254498714653
146,57.85322189331055,691,731.0998552821997,964.6830680173662
148,61.1555061340332,698,864.0974212034384,1051.1977077363897
149,57.16971969604492,780,661.6666666666666,866.4064102564103
151,56.2204475402832,1004,845.7938247011953,692.2260956175298
152,62.891117095947266,520,496.9846153846154,514.1826923076923
153,56.343170166015625,747,962.1378848728247,971.3119143239625
154,64.49888610839844,376,430.59840425531917,885.0851063829788
155,63.47963333129883,359,372.16713091922,560.3704735376044
156,60.49039840698242,530,524.3283018867925,571.8150943396226
157,59.71398162841797,875,937.8331428571429,1065.809142857143
158,59.470088958740234,781,401.82970550576186,1098.8706786171574
159,52.42707824707031,1125,848.3715555555556,784.8044444444445
160,54.1854362487793,778,324.67095115681235,917.7030848329049
161,62.570709228515625,472,823.0762711864406,726.7860169491526
162,59.81415939331055,551,312.36842105263156,583.3702359346643
163,58.742618560791016,803,625.6712328767123,820.1581569115816
164,58.653690338134766,592,357.1570945945946,818.0320945945946
165,53.145328521728516,536,249.96455223880596,555.9104477611941
166,55.4074592590332,716,489.12988826815644,484.76536312849163
167,60.32477569580078,574,571.5313588850174,702.8867595818815
168,56.306434631347656,669,602.7757847533633,548.0179372197309
169,57.92122268676758,514,312.7859922178988,1031.852140077821
170,49.86709976196289,932,735.945278969957,798.6223175965665
171,63.447330474853516,426,428.42723004694835,525.8051643192488
172,60.28805923461914,657,953.8630136986301,525.2541856925419
173,60.69752502441406,539,289.1669758812616,610.2133580705009
174,59.700008392333984,742,965.2061994609164,1020.1037735849056
175,63.587711334228516,491,319.85132382892056,532.6761710794298
176,52.45600509643555,823,891.9538274605103,716.370595382746
177,56.04785919189453,1297,576.5628373168851,1072.2212798766384
179,60.613407135009766,940,879.2031914893618,1017.4276595744681
180,56.02425765991211,537,575.7504655493482,970.1117318435754
181,58.42485809326172,1004,491.44322709163345,657.2260956175298
182,59.76976776123047,516,517.0213178294574,875.6531007751938
184,59.04285430908203,497,277.32796780684106,576.1146881287726
186,57.799564361572266,577,255.86135181975737,692.3622183708839
188,55.5958137512207,861,864.7270615563299,744.2566782810685
190,59.75520324707031,539,307.2764378478664,786.9387755102041
193,49.79757308959961,1027,267.51801363193766,914.7663096397274
194,59.62651443481445,459,910.9477124183006,1107.562091503268
195,64.2178955078125,295,759.1355932203389,965.8237288135593
196,57.9412956237793,920,747.8728260869565,1104.5141304347826
198,57.17767333984375,796,753.0288944723618,535.8517587939698
199,55.82311248779297,1133,529.270079435128,485.8137687555163
200,52.834625244140625,881,373.1373439273553,736.1906923950057
201,57.96931838989258,815,922.6368098159509,774.0319018404908
202,57.249977111816406,619,884.8206785137319,585.5282714054928
205,56.63318634033203,274,725.1021897810219,454.84671532846716
206,62.38875961303711,470,709.563829787234,699.131914893617
207,55.96452713012695,1070,267.1560747663551,626.411214953271
208,62.75079345703125,380,837.9421052631579,931.8184210526316
209,62.85043716430664,343,500.3206997084548,1056.0903790087464
210,52.44520950317383,639,653.0860719874804,478.54773082942097
213,57.55314636230469,500,690.798,487.382
215,53.257816314697266,658,447.951367781155,1025.40273556231
217,56.4051399230957,842,784.1745843230403,955.0142517814727
218,59.01301193237305,620,526.3612903225807,530.0258064516129
219,55.10103225708008,508,847.0688976377953,464.1968503937008
220,49.86177062988281,1055,620.3592417061611,982.8085308056872
223,56.939674377441406,520,289.6942307692308,1003.3384615384615
224,56.199092864990234,333,828.6996996996997,819.4624624624624
226,63.607181549072266,262,510.4503816793893,932.9961832061068
227,57.422969818115234,293,400.13651877133105,464.67576791808875
231,59.79273986816406,507,616.276134122288,881.67258382643
232,54.65995407104492,494,838.9048582995952,594.2834008097166
235,53.527198791503906,687,562.6360989810771,1107.3609898107716
236,52.95670700073242,674,391.0281899109792,533.3605341246291
239,50.591854095458984,1082,328.22643253234753,613.4889094269871
240,57.43022918701172,419,457.85202863961814,1097.252983293556
242,55.120540618896484,400,864.4025,978.17
243,59.12131118774414,474,794.8628691983122,759.5084388185654
244,54.94786071777344,437,781.7070938215103,500.87185354691076
245,52.48809051513672,723,608.7676348547718,464.8755186721992
246,51.585968017578125,327,255.31804281345566,661.5565749235474
247,59.53095245361328,284,751.3485915492957,825.3169014084507
248,60.31758117675781,360,713.3138888888889,740.5861111111111
249,46.84819793701172,749,346.1882510013351,459.8785046728972
250,55.14659881591797,353,461.21529745042494,823.2407932011331
251,53.225379943847656,593,531.0725126475548,1075.7672849915682
253,53.03251647949219,357,598.2633053221289,965.204481792717
254,54.74222946166992,483,363.58592132505174,704.4327122153209
255,62.06999206542969,262,751.7290076335878,938.2557251908397
259,50.58578872680664,532,811.3045112781955,1088.4567669172932
260,55.79108810424805,481,693.3347193347194,944.6216216216217
261,50.5868034362793,606,257.493399339934,1039.7557755775576
262,54.28034973144531,313,339.93610223642173,695.8019169329074
263,53.234195709228516,495,465.0323232323232,791.3959595959597
265,55.06536102294922,267,353.90262172284645,597.2846441947565
266,56.63761901855469,417,926.4172661870504,552.9304556354916
267,55.96259689331055,313,431.0159744408946,848.8722044728435
269,49.760498046875,961,304.5972944849116,841.8480749219563
272,55.856536865234375,311,452.84565916398714,770.3601286173633
273,50.2159538269043,570,254.12280701754386,1096.1122807017543
274,54.52753829956055,441,314.0816326530612,958.1179138321995
277,61.0800666809082,266,903.2481203007519,753.1165413533835
278,48.560203552246094,538,634.4256505576208,1107.014869888476
279,51.737762451171875,582,278.95704467353954,717.7319587628866
281,50.086910247802734,411,254.14598540145985,825.3576642335767
283,52.91535186767578,270,337.4259259259259,800.2444444444444
285,52.60225296020508,468,906.9059829059829,1050.9551282051282
286,42.1343879699707,1054,689.5882352941177,1104.3074003795066
289,49.21723556518555,421,896.1900237529691,492.6698337292162
290,51.805274963378906,290,753.7931034482758,477.7413793103448
293,51.2147331237793,274,279.7299270072993,800.3357664233577
295,47.006324768066406,844,318.521327014218,750.3495260663507
298,52.43252182006836,265,645.8716981132076,897.9207547169812
299,50.306339263916016,381,892.005249343832,1081.1601049868766
301,51.45155715942383,304,819.5394736842105,487.75657894736844
302,53.40874481201172,258,936.2906976744187,740.9806201550388
304,50.9057731628418,251,909.7450199203187,646.5099601593625
305,47.80909729003906,320,336.690625,841.7
307,47.92448043823242,716,866.0572625698323,553.3770949720671
308,48.8182258605957,411,328.59124087591243,1074.6861313868612
309,50.30478286743164,315,665.6063492063493,931.9174603174603
310,42.07423782348633,488,491.98975409836066,909.5286885245902
314,44.259979248046875,437,742.045766590389,920.3157894736842
317,47.81546401977539,359,279.5292479108635,1045.0362116991644
320,45.86041259765625,317,279.7192429022082,745.8769716088328
321,43.452213287353516,1126,295.9253996447602,678.2753108348135
322,48.6167106628418,325,306.62461538461537,457.60615384615386
323,51.482704162597656,297,928.3905723905724,509.28619528619527
324,46.87363815307617,320,272.31875,520.409375
329,44.200836181640625,366,311.23770491803276,1071.5956284153006
330,41.93445587158203,315,781.936507936508,620.2095238095238
331,45.19895935058594,301,477.01328903654485,1040.3953488372092
334,41.074951171875,1065,289.38122065727697,496.3755868544601
335,40.24132537841797,332,251.92469879518072,797.2951807228916
338,37.44799041748047,510,272.09215686274507,462.66470588235296
